{"cameraMode":{"drawMode":0,"name":"Shaded","section":"Shading Mode"},"sceneLighting":true,"audioPlay":false,"sceneViewState":{"showFog":true,"showMaterialUpdate":false,"showSkybox":true,"showFlares":true,"showImageEffects":true,"showParticleSystems":true},"in2DMode":false,"pivot":{"x":-4.138427734375,"y":-0.8853608965873718,"z":0.7504047751426697},"rotation":{"x":-0.10787750780582428,"y":0.7590668201446533,"z":-0.13009896874427796,"w":-0.6288036704063416},"size":4.771914482116699,"orthographic":false}