{"cameraMode":{"drawMode":0,"name":"Shaded","section":"Shading Mode"},"sceneLighting":false,"audioPlay":false,"sceneViewState":{"showFog":true,"showMaterialUpdate":false,"showSkybox":false,"showFlares":true,"showImageEffects":true,"showParticleSystems":true},"in2DMode":false,"pivot":{"x":-5.360713481903076,"y":-3.8724913597106935,"z":1.0774705410003663},"rotation":{"x":0.18958885967731477,"y":-0.6601535081863403,"z":0.1776416301727295,"w":0.7048299908638},"size":6.062177658081055,"orthographic":false}